"scenario","rep","DE","IE","TE"
"CGa",1,0.13,0.106,0.236
"CGa",2,0.13,0.111,0.241
"CGa",3,0.147,0.104,0.251
"CGa",4,0.158,0.086,0.244
"CGa",5,0.113,0.149,0.262
"CGa",6,0.143,0.116,0.259
"CGa",7,0.126,0.123,0.249
"CGa",8,0.181,0.106,0.287
"CGa",9,0.124,0.118,0.242
"CGa",10,0.161,0.067,0.228
"CGa",11,0.144,0.134,0.278
"CGa",12,0.149,0.161,0.31
"CGa",13,0.157,0.072,0.229
"CGa",14,0.134,0.107,0.241
"CGa",15,0.143,0.101,0.244
"CGa",16,0.147,0.13,0.277
"CGa",17,0.161,0.075,0.236
"CGa",18,0.148,0.111,0.259
"CGa",19,0.16,0.106,0.266
"CGa",20,0.147,0.134,0.281
"CGa",21,0.128,0.106,0.234
"CGa",22,0.098,0.112,0.21
"CGa",23,0.136,0.121,0.257
"CGa",24,0.131,0.133,0.264
"CGa",25,0.164,0.12,0.284
"CGa",26,0.143,0.077,0.22
"CGa",27,0.161,0.105,0.266
"CGa",28,0.131,0.147,0.278
"CGa",29,0.151,0.024,0.175
"CGa",30,0.134,0.088,0.222
"CGa",31,0.156,0.049,0.205
"CGa",32,0.15,0.108,0.258
"CGa",33,0.136,0.085,0.221
"CGa",34,0.167,0.068,0.235
"CGa",35,0.147,0.101,0.248
"CGa",36,0.128,0.147,0.275
"CGa",37,0.129,0.091,0.22
"CGa",38,0.137,0.129,0.266
"CGa",39,0.133,0.139,0.272
"CGa",40,0.137,0.085,0.222
"CGa",41,0.13,0.104,0.234
"CGa",42,0.104,0.123,0.227
"CGa",43,0.153,0.089,0.242
"CGa",44,0.119,0.16,0.279
"CGa",45,0.139,0.085,0.224
"CGa",46,0.12,0.136,0.256
"CGa",47,0.153,0.06,0.213
"CGa",48,0.139,0.096,0.235
"CGa",49,0.145,0.139,0.284
"CGa",50,0.132,0.127,0.259
"CGa",51,0.099,0.11,0.209
"CGa",52,0.093,0.112,0.205
"CGa",53,0.11,0.176,0.286
"CGa",54,0.187,0.099,0.286
"CGa",55,0.143,0.069,0.212
"CGa",56,0.151,0.122,0.273
"CGa",57,0.143,0.086,0.229
"CGa",58,0.154,0.087,0.241
"CGa",59,0.076,0.15,0.226
"CGa",60,0.129,0.116,0.245
"CGa",61,0.168,0.108,0.276
"CGa",62,0.148,0.12,0.268
"CGa",63,0.153,0.087,0.24
"CGa",64,0.117,0.112,0.229
"CGa",65,0.167,0.172,0.339
"CGa",66,0.144,0.111,0.255
"CGa",67,0.091,0.159,0.25
"CGa",68,0.098,0.094,0.192
"CGa",69,0.137,0.133,0.27
"CGa",70,0.096,0.126,0.222
"CGa",71,0.13,0.118,0.248
"CGa",72,0.159,0.087,0.246
"CGa",73,0.136,0.079,0.215
"CGa",74,0.138,0.104,0.242
"CGa",75,0.151,0.05,0.201
"CGa",76,0.148,0.092,0.24
"CGa",77,0.138,0.127,0.265
"CGa",78,0.125,0.122,0.247
"CGa",79,0.177,0.153,0.33
"CGa",80,0.107,0.167,0.274
"CGa",81,0.15,0.108,0.258
"CGa",82,0.113,0.116,0.229
"CGa",83,0.144,0.135,0.279
"CGa",84,0.13,0.119,0.249
"CGa",85,0.126,0.084,0.21
"CGa",86,0.129,0.102,0.231
"CGa",87,0.11,0.154,0.264
"CGa",88,0.149,0.122,0.271
"CGa",89,0.138,0.107,0.245
"CGa",90,0.113,0.134,0.247
"CGa",91,0.12,0.148,0.268
"CGa",92,0.122,0.136,0.258
"CGa",93,0.118,0.177,0.295
"CGa",94,0.133,0.113,0.246
"CGa",95,0.179,0.064,0.243
"CGa",96,0.179,0.052,0.231
"CGa",97,0.124,0.102,0.226
"CGa",98,0.119,0.122,0.241
"CGa",99,0.112,0.106,0.218
"CGa",100,0.145,0.109,0.254
"CGa",101,0.159,0.116,0.275
"CGa",102,0.167,0.069,0.236
"CGa",103,0.123,0.123,0.246
"CGa",104,0.103,0.166,0.269
"CGa",105,0.149,0.11,0.259
"CGa",106,0.149,0.122,0.271
"CGa",107,0.082,0.122,0.204
"CGa",108,0.142,0.136,0.278
"CGa",109,0.13,0.154,0.284
"CGa",110,0.122,0.125,0.247
"CGa",111,0.122,0.126,0.248
"CGa",112,0.128,0.163,0.291
"CGa",113,0.15,0.116,0.266
"CGa",114,0.136,0.184,0.32
"CGa",115,0.165,0.064,0.229
"CGa",116,0.167,0.075,0.242
"CGa",117,0.117,0.151,0.268
"CGa",118,0.189,0.039,0.228
"CGa",119,0.141,0.101,0.242
"CGa",120,0.109,0.148,0.257
"CGa",121,0.15,0.085,0.235
"CGa",122,0.138,0.151,0.289
"CGa",123,0.148,0.061,0.209
"CGa",124,0.148,0.132,0.28
"CGa",125,0.092,0.164,0.256
"CGa",126,0.139,0.112,0.251
"CGa",127,0.123,0.145,0.268
"CGa",128,0.149,0.1,0.249
"CGa",129,0.156,0.134,0.29
"CGa",130,0.132,0.068,0.2
"CGa",131,0.11,0.142,0.252
"CGa",132,0.174,0.118,0.292
"CGa",133,0.118,0.094,0.212
"CGa",134,0.097,0.108,0.205
"CGa",135,0.071,0.142,0.213
"CGa",136,0.112,0.166,0.278
"CGa",137,0.176,0.06,0.236
"CGa",138,0.138,0.117,0.255
"CGa",139,0.141,0.123,0.264
"CGa",140,0.106,0.145,0.251
"CGa",141,0.131,0.088,0.219
"CGa",142,0.132,0.137,0.269
"CGa",143,0.133,0.137,0.27
"CGa",144,0.14,0.131,0.271
"CGa",145,0.155,0.103,0.258
"CGa",146,0.127,0.106,0.233
"CGa",147,0.154,0.155,0.309
"CGa",148,0.127,0.118,0.245
"CGa",149,0.128,0.107,0.235
"CGa",150,0.141,0.114,0.255
"CGa",151,0.169,0.129,0.298
"CGa",152,0.113,0.099,0.212
"CGa",153,0.146,0.081,0.227
"CGa",154,0.133,0.079,0.212
"CGa",155,0.156,0.106,0.262
"CGa",156,0.156,0.104,0.26
"CGa",157,0.129,0.109,0.238
"CGa",158,0.1,0.159,0.259
"CGa",159,0.112,0.16,0.272
"CGa",160,0.125,0.128,0.253
"CGa",161,0.115,0.126,0.241
"CGa",162,0.142,0.113,0.255
"CGa",163,0.113,0.125,0.238
"CGa",164,0.132,0.119,0.251
"CGa",165,0.108,0.103,0.211
"CGa",166,0.149,0.138,0.287
"CGa",167,0.142,0.09,0.232
"CGa",168,0.136,0.129,0.265
"CGa",169,0.101,0.142,0.243
"CGa",170,0.168,0.022,0.19
"CGa",171,0.146,0.107,0.253
"CGa",172,0.137,0.069,0.206
"CGa",173,0.138,0.071,0.209
"CGa",174,0.142,0.129,0.271
"CGa",175,0.133,0.117,0.25
"CGa",176,0.163,0.083,0.246
"CGa",177,0.146,0.064,0.21
"CGa",178,0.088,0.153,0.241
"CGa",179,0.158,0.086,0.244
"CGa",180,0.146,0.129,0.275
"CGa",181,0.135,0.112,0.247
"CGa",182,0.141,0.07,0.211
"CGa",183,0.135,0.115,0.25
"CGa",184,0.143,0.125,0.268
"CGa",185,0.096,0.12,0.216
"CGa",186,0.14,0.101,0.241
"CGa",187,0.163,0.057,0.22
"CGa",188,0.144,0.089,0.233
"CGa",189,0.125,0.1,0.225
"CGa",190,0.156,0.083,0.239
"CGa",191,0.128,0.085,0.213
"CGa",192,0.11,0.091,0.201
"CGa",193,0.145,0.129,0.274
"CGa",194,0.13,0.1,0.23
"CGa",195,0.122,0.123,0.245
"CGa",196,0.115,0.177,0.292
"CGa",197,0.152,0.117,0.269
"CGa",198,0.104,0.103,0.207
"CGa",199,0.114,0.119,0.233
"CGa",200,0.133,0.132,0.265
"CGa",201,0.164,0.105,0.269
"CGa",202,0.165,0.1,0.265
"CGa",203,0.131,0.183,0.314
"CGa",204,0.118,0.119,0.237
"CGa",205,0.079,0.162,0.241
"CGa",206,0.126,0.15,0.276
"CGa",207,0.135,0.136,0.271
"CGa",208,0.142,0.111,0.253
"CGa",209,0.13,0.089,0.219
"CGa",210,0.129,0.167,0.296
"CGa",211,0.151,0.091,0.242
"CGa",212,0.113,0.112,0.225
"CGa",213,0.138,0.116,0.254
"CGa",214,0.117,0.083,0.2
"CGa",215,0.093,0.146,0.239
"CGa",216,0.135,0.094,0.229
"CGa",217,0.119,0.129,0.248
"CGa",218,0.165,0.103,0.268
"CGa",219,0.103,0.116,0.219
"CGa",220,0.161,0.081,0.242
"CGa",221,0.145,0.117,0.262
"CGa",222,0.147,0.119,0.266
"CGa",223,0.16,0.129,0.289
"CGa",224,0.145,0.099,0.244
"CGa",225,0.197,0.078,0.275
"CGa",226,0.154,0.094,0.248
"CGa",227,0.107,0.15,0.257
"CGa",228,0.148,0.106,0.254
"CGa",229,0.153,0.105,0.258
"CGa",230,0.148,0.146,0.294
"CGa",231,0.164,0.06,0.224
"CGa",232,0.107,0.182,0.289
"CGa",233,0.113,0.119,0.232
"CGa",234,0.149,0.097,0.246
"CGa",235,0.135,0.119,0.254
"CGa",236,0.117,0.075,0.192
"CGa",237,0.15,0.134,0.284
"CGa",238,0.116,0.132,0.248
"CGa",239,0.16,0.052,0.212
"CGa",240,0.16,0.123,0.283
"CGa",241,0.15,0.125,0.275
"CGa",242,0.159,0.113,0.272
"CGa",243,0.176,0.073,0.249
"CGa",244,0.127,0.157,0.284
"CGa",245,0.155,0.139,0.294
"CGa",246,0.152,0.128,0.28
"CGa",247,0.125,0.141,0.266
"CGa",248,0.148,0.092,0.24
"CGa",249,0.129,0.116,0.245
"CGa",250,0.089,0.184,0.273
"CGa",251,0.15,0.12,0.27
"CGa",252,0.126,0.148,0.274
"CGa",253,0.134,0.166,0.3
"CGa",254,0.163,0.109,0.272
"CGa",255,0.162,0.093,0.255
"CGa",256,0.119,0.107,0.226
"CGa",257,0.154,0.077,0.231
"CGa",258,0.155,0.084,0.239
"CGa",259,0.163,0.085,0.248
"CGa",260,0.155,0.112,0.267
"CGa",261,0.113,0.099,0.212
"CGa",262,0.129,0.174,0.303
"CGa",263,0.152,0.062,0.214
"CGa",264,0.131,0.128,0.259
"CGa",265,0.152,0.136,0.288
"CGa",266,0.197,0.038,0.235
"CGa",267,0.131,0.118,0.249
"CGa",268,0.162,0.068,0.23
"CGa",269,0.13,0.127,0.257
"CGa",270,0.119,0.134,0.253
"CGa",271,0.159,0.039,0.198
"CGa",272,0.121,0.118,0.239
"CGa",273,0.11,0.139,0.249
"CGa",274,0.13,0.067,0.197
"CGa",275,0.1,0.151,0.251
"CGa",276,0.167,0.088,0.255
"CGa",277,0.157,0.062,0.219
"CGa",278,0.144,0.116,0.26
"CGa",279,0.165,0.059,0.224
"CGa",280,0.132,0.108,0.24
"CGa",281,0.158,0.129,0.287
"CGa",282,0.155,0.087,0.242
"CGa",283,0.139,0.119,0.258
"CGa",284,0.143,0.104,0.247
"CGa",285,0.106,0.168,0.274
"CGa",286,0.137,0.077,0.214
"CGa",287,0.158,0.07,0.228
"CGa",288,0.158,0.058,0.216
"CGa",289,0.161,0.088,0.249
"CGa",290,0.123,0.177,0.3
"CGa",291,0.121,0.089,0.21
"CGa",292,0.143,0.094,0.237
"CGa",293,0.171,0.089,0.26
"CGa",294,0.133,0.113,0.246
"CGa",295,0.138,0.058,0.196
"CGa",296,0.149,0.145,0.294
"CGa",297,0.151,0.137,0.288
"CGa",298,0.137,0.094,0.231
"CGa",299,0.166,0.094,0.26
"CGa",300,0.139,0.089,0.228
"CGa",301,0.118,0.102,0.22
"CGa",302,0.131,0.095,0.226
"CGa",303,0.112,0.12,0.232
"CGa",304,0.139,0.088,0.227
"CGa",305,0.112,0.118,0.23
"CGa",306,0.153,0.113,0.266
"CGa",307,0.148,0.115,0.263
"CGa",308,0.161,0.125,0.286
"CGa",309,0.132,0.128,0.26
"CGa",310,0.152,0.085,0.237
"CGa",311,0.134,0.085,0.219
"CGa",312,0.106,0.119,0.225
"CGa",313,0.102,0.115,0.217
"CGa",314,0.109,0.124,0.233
"CGa",315,0.12,0.103,0.223
"CGa",316,0.122,0.157,0.279
"CGa",317,0.117,0.085,0.202
"CGa",318,0.135,0.121,0.256
"CGa",319,0.118,0.108,0.226
"CGa",320,0.152,0.098,0.25
"CGa",321,0.102,0.105,0.207
"CGa",322,0.123,0.148,0.271
"CGa",323,0.129,0.112,0.241
"CGa",324,0.162,0.04,0.202
"CGa",325,0.148,0.186,0.334
"CGa",326,0.179,0.075,0.254
"CGa",327,0.152,0.036,0.188
"CGa",328,0.164,0.11,0.274
"CGa",329,0.124,0.144,0.268
"CGa",330,0.148,0.099,0.247
"CGa",331,0.122,0.114,0.236
"CGa",332,0.121,0.051,0.172
"CGa",333,0.15,0.047,0.197
"CGa",334,0.152,0.092,0.244
"CGa",335,0.113,0.115,0.228
"CGa",336,0.095,0.096,0.191
"CGa",337,0.125,0.09,0.215
"CGa",338,0.122,0.099,0.221
"CGa",339,0.152,0.111,0.263
"CGa",340,0.114,0.098,0.212
"CGa",341,0.153,0.148,0.301
"CGa",342,0.169,0.08,0.249
"CGa",343,0.138,0.098,0.236
"CGa",344,0.166,0.118,0.284
"CGa",345,0.123,0.147,0.27
"CGa",346,0.102,0.132,0.234
"CGa",347,0.175,0.054,0.229
"CGa",348,0.167,0.137,0.304
"CGa",349,0.121,0.14,0.261
"CGa",350,0.123,0.1,0.223
"CGa",351,0.146,0.117,0.263
"CGa",352,0.119,0.076,0.195
"CGa",353,0.114,0.098,0.212
"CGa",354,0.111,0.14,0.251
"CGa",355,0.111,0.106,0.217
"CGa",356,0.125,0.168,0.293
"CGa",357,0.105,0.12,0.225
"CGa",358,0.139,0.116,0.255
"CGa",359,0.163,0.116,0.279
"CGa",360,0.162,0.138,0.3
"CGa",361,0.157,0.07,0.227
"CGa",362,0.139,0.144,0.283
"CGa",363,0.136,0.152,0.288
"CGa",364,0.12,0.106,0.226
"CGa",365,0.165,0.061,0.226
"CGa",366,0.13,0.074,0.204
"CGa",367,0.103,0.134,0.237
"CGa",368,0.166,0.111,0.277
"CGa",369,0.122,0.11,0.232
"CGa",370,0.129,0.088,0.217
"CGa",371,0.141,0.069,0.21
"CGa",372,0.118,0.123,0.241
"CGa",373,0.148,0.054,0.202
"CGa",374,0.143,0.119,0.262
"CGa",375,0.107,0.106,0.213
"CGa",376,0.126,0.076,0.202
"CGa",377,0.12,0.103,0.223
"CGa",378,0.12,0.096,0.216
"CGa",379,0.152,0.144,0.296
"CGa",380,0.155,0.073,0.228
"CGa",381,0.124,0.091,0.215
"CGa",382,0.106,0.112,0.218
"CGa",383,0.141,0.102,0.243
"CGa",384,0.12,0.076,0.196
"CGa",385,0.138,0.124,0.262
"CGa",386,0.163,0.113,0.276
"CGa",387,0.151,0.083,0.234
"CGa",388,0.139,0.126,0.265
"CGa",389,0.128,0.131,0.259
"CGa",390,0.159,0.123,0.282
"CGa",391,0.156,0.043,0.199
"CGa",392,0.126,0.155,0.281
"CGa",393,0.132,0.135,0.267
"CGa",394,0.148,0.098,0.246
"CGa",395,0.157,0.069,0.226
"CGa",396,0.152,0.068,0.22
"CGa",397,0.122,0.14,0.262
"CGa",398,0.133,0.085,0.218
"CGa",399,0.159,0.137,0.296
"CGa",400,0.131,0.194,0.325
"CGa",401,0.143,0.161,0.304
"CGa",402,0.161,0.152,0.313
"CGa",403,0.119,0.132,0.251
"CGa",404,0.178,0.088,0.266
"CGa",405,0.121,0.114,0.235
"CGa",406,0.111,0.077,0.188
"CGa",407,0.174,0.087,0.261
"CGa",408,0.145,0.109,0.254
"CGa",409,0.14,0.098,0.238
"CGa",410,0.177,0.078,0.255
"CGa",411,0.138,0.135,0.273
"CGa",412,0.169,0.093,0.262
"CGa",413,0.131,0.086,0.217
"CGa",414,0.148,0.099,0.247
"CGa",415,0.145,0.134,0.279
"CGa",416,0.122,0.114,0.236
"CGa",417,0.186,0.089,0.275
"CGa",418,0.138,0.108,0.246
"CGa",419,0.094,0.096,0.19
"CGa",420,0.122,0.132,0.254
"CGa",421,0.121,0.066,0.187
"CGa",422,0.154,0.133,0.287
"CGa",423,0.127,0.156,0.283
"CGa",424,0.112,0.154,0.266
"CGa",425,0.167,0.038,0.205
"CGa",426,0.151,0.068,0.219
"CGa",427,0.159,0.098,0.257
"CGa",428,0.146,0.098,0.244
"CGa",429,0.129,0.155,0.284
"CGa",430,0.156,0.09,0.246
"CGa",431,0.157,0.092,0.249
"CGa",432,0.164,0.065,0.229
"CGa",433,0.167,0.049,0.216
"CGa",434,0.145,0.06,0.205
"CGa",435,0.124,0.1,0.224
"CGa",436,0.1,0.169,0.269
"CGa",437,0.132,0.114,0.246
"CGa",438,0.111,0.118,0.229
"CGa",439,0.119,0.148,0.267
"CGa",440,0.153,0.112,0.265
"CGa",441,0.101,0.183,0.284
"CGa",442,0.144,0.105,0.249
"CGa",443,0.116,0.14,0.256
"CGa",444,0.139,0.042,0.181
"CGa",445,0.133,0.127,0.26
"CGa",446,0.118,0.165,0.283
"CGa",447,0.152,0.117,0.269
"CGa",448,0.125,0.107,0.232
"CGa",449,0.146,0.132,0.278
"CGa",450,0.14,0.12,0.26
"CGa",451,0.099,0.112,0.211
"CGa",452,0.11,0.111,0.221
"CGa",453,0.131,0.061,0.192
"CGa",454,0.139,0.109,0.248
"CGa",455,0.165,0.053,0.218
"CGa",456,0.157,0.108,0.265
"CGa",457,0.126,0.116,0.242
"CGa",458,0.114,0.158,0.272
"CGa",459,0.136,0.109,0.245
"CGa",460,0.146,0.09,0.236
"CGa",461,0.118,0.085,0.203
"CGa",462,0.137,0.116,0.253
"CGa",463,0.178,0.062,0.24
"CGa",464,0.132,0.162,0.294
"CGa",465,0.19,0.086,0.276
"CGa",466,0.089,0.157,0.246
"CGa",467,0.158,0.091,0.249
"CGa",468,0.162,0.073,0.235
"CGa",469,0.127,0.095,0.222
"CGa",470,0.141,0.048,0.189
"CGa",471,0.166,0.045,0.211
"CGa",472,0.132,0.1,0.232
"CGa",473,0.144,0.075,0.219
"CGa",474,0.154,0.099,0.253
"CGa",475,0.145,0.092,0.237
"CGa",476,0.126,0.059,0.185
"CGa",477,0.12,0.125,0.245
"CGa",478,0.16,0.062,0.222
"CGa",479,0.168,0.142,0.31
"CGa",480,0.152,0.109,0.261
"CGa",481,0.119,0.104,0.223
"CGa",482,0.125,0.133,0.258
"CGa",483,0.133,0.17,0.303
"CGa",484,0.151,0.15,0.301
"CGa",485,0.116,0.107,0.223
"CGa",486,0.141,0.105,0.246
"CGa",487,0.195,0.013,0.208
"CGa",488,0.134,0.145,0.279
"CGa",489,0.136,0.13,0.266
"CGa",490,0.15,0.103,0.253
"CGa",491,0.099,0.098,0.197
"CGa",492,0.126,0.134,0.26
"CGa",493,0.16,0.112,0.272
"CGa",494,0.146,0.079,0.225
"CGa",495,0.138,0.104,0.242
"CGa",496,0.134,0.121,0.255
"CGa",497,0.145,0.114,0.259
"CGa",498,0.112,0.145,0.257
"CGa",499,0.126,0.086,0.212
"CGa",500,0.156,0.083,0.239
"CGb",1,0.193,0.061,0.254
"CGb",2,0.186,0.049,0.235
"CGb",3,0.163,0.081,0.244
"CGb",4,0.174,0.083,0.257
"CGb",5,0.165,0.055,0.22
"CGb",6,0.128,0.096,0.224
"CGb",7,0.209,0.065,0.274
"CGb",8,0.148,0.065,0.213
"CGb",9,0.175,0.036,0.211
"CGb",10,0.124,0.069,0.193
"CGb",11,0.181,0.044,0.225
"CGb",12,0.194,0.037,0.231
"CGb",13,0.146,0.098,0.244
"CGb",14,0.164,0.007,0.171
"CGb",15,0.183,0.027,0.21
"CGb",16,0.138,0.103,0.241
"CGb",17,0.171,0.11,0.281
"CGb",18,0.139,0.064,0.203
"CGb",19,0.173,0.075,0.248
"CGb",20,0.147,0.085,0.232
"CGb",21,0.185,0.045,0.23
"CGb",22,0.165,0.082,0.247
"CGb",23,0.16,0.061,0.221
"CGb",24,0.183,0.005,0.188
"CGb",25,0.132,0.088,0.22
"CGb",26,0.203,0.04,0.243
"CGb",27,0.166,0.032,0.198
"CGb",28,0.199,0.071,0.27
"CGb",29,0.159,0.023,0.182
"CGb",30,0.149,0.124,0.273
"CGb",31,0.15,0.066,0.216
"CGb",32,0.169,0.032,0.201
"CGb",33,0.11,0.108,0.218
"CGb",34,0.149,0.075,0.224
"CGb",35,0.146,0.077,0.223
"CGb",36,0.16,0.067,0.227
"CGb",37,0.134,0.113,0.247
"CGb",38,0.198,0.099,0.297
"CGb",39,0.155,0.087,0.242
"CGb",40,0.155,0.086,0.241
"CGb",41,0.185,0.059,0.244
"CGb",42,0.119,0.085,0.204
"CGb",43,0.149,0.069,0.218
"CGb",44,0.131,0.089,0.22
"CGb",45,0.167,0.011,0.178
"CGb",46,0.172,0.047,0.219
"CGb",47,0.168,0.057,0.225
"CGb",48,0.189,0.062,0.251
"CGb",49,0.2,0.045,0.245
"CGb",50,0.14,0.087,0.227
"CGb",51,0.198,0.085,0.283
"CGb",52,0.16,0.093,0.253
"CGb",53,0.154,0.065,0.219
"CGb",54,0.16,0.089,0.249
"CGb",55,0.177,0.053,0.23
"CGb",56,0.144,0.064,0.208
"CGb",57,0.155,0.043,0.198
"CGb",58,0.174,0.048,0.222
"CGb",59,0.139,0.109,0.248
"CGb",60,0.172,0.073,0.245
"CGb",61,0.174,0.064,0.238
"CGb",62,0.205,0.089,0.294
"CGb",63,0.139,0.075,0.214
"CGb",64,0.144,0.075,0.219
"CGb",65,0.188,0.066,0.254
"CGb",66,0.155,0.052,0.207
"CGb",67,0.163,0.041,0.204
"CGb",68,0.144,0.043,0.187
"CGb",69,0.174,0.064,0.238
"CGb",70,0.218,0.042,0.26
"CGb",71,0.138,0.107,0.245
"CGb",72,0.181,0.053,0.234
"CGb",73,0.163,0.048,0.211
"CGb",74,0.176,0.053,0.229
"CGb",75,0.169,0.059,0.228
"CGb",76,0.199,-0.004,0.195
"CGb",77,0.21,0.065,0.275
"CGb",78,0.141,0.043,0.184
"CGb",79,0.159,0.087,0.246
"CGb",80,0.171,0.096,0.267
"CGb",81,0.166,0.091,0.257
"CGb",82,0.166,0.087,0.253
"CGb",83,0.189,0.033,0.222
"CGb",84,0.165,0.088,0.253
"CGb",85,0.169,0.098,0.267
"CGb",86,0.147,0.096,0.243
"CGb",87,0.177,0.089,0.266
"CGb",88,0.176,0.023,0.199
"CGb",89,0.179,0.038,0.217
"CGb",90,0.155,0.055,0.21
"CGb",91,0.154,0.054,0.208
"CGb",92,0.173,0.119,0.292
"CGb",93,0.169,0.057,0.226
"CGb",94,0.132,0.103,0.235
"CGb",95,0.154,0.061,0.215
"CGb",96,0.184,0.065,0.249
"CGb",97,0.193,0.061,0.254
"CGb",98,0.186,0.1,0.286
"CGb",99,0.176,0.123,0.299
"CGb",100,0.119,0.043,0.162
"CGb",101,0.226,0.027,0.253
"CGb",102,0.143,0.098,0.241
"CGb",103,0.189,0.075,0.264
"CGb",104,0.196,0.038,0.234
"CGb",105,0.143,0.086,0.229
"CGb",106,0.179,0.095,0.274
"CGb",107,0.182,0.026,0.208
"CGb",108,0.15,0.092,0.242
"CGb",109,0.194,0.049,0.243
"CGb",110,0.152,0.073,0.225
"CGb",111,0.173,0.073,0.246
"CGb",112,0.175,0.058,0.233
"CGb",113,0.182,0.093,0.275
"CGb",114,0.188,0.013,0.201
"CGb",115,0.155,0.075,0.23
"CGb",116,0.122,0.092,0.214
"CGb",117,0.197,0.057,0.254
"CGb",118,0.218,0.075,0.293
"CGb",119,0.165,0.101,0.266
"CGb",120,0.172,0.031,0.203
"CGb",121,0.142,0.078,0.22
"CGb",122,0.155,0.072,0.227
"CGb",123,0.178,0.052,0.23
"CGb",124,0.187,0.092,0.279
"CGb",125,0.152,0.086,0.238
"CGb",126,0.13,0.104,0.234
"CGb",127,0.171,0.061,0.232
"CGb",128,0.177,0.084,0.261
"CGb",129,0.152,0.103,0.255
"CGb",130,0.154,0.083,0.237
"CGb",131,0.162,0.089,0.251
"CGb",132,0.186,0.041,0.227
"CGb",133,0.175,0.031,0.206
"CGb",134,0.147,0.083,0.23
"CGb",135,0.184,0.112,0.296
"CGb",136,0.17,0.052,0.222
"CGb",137,0.142,0.099,0.241
"CGb",138,0.171,0.089,0.26
"CGb",139,0.169,0.105,0.274
"CGb",140,0.207,0.046,0.253
"CGb",141,0.19,0.074,0.264
"CGb",142,0.175,0.082,0.257
"CGb",143,0.156,0.062,0.218
"CGb",144,0.184,0.04,0.224
"CGb",145,0.193,0.036,0.229
"CGb",146,0.171,0.09,0.261
"CGb",147,0.176,0.019,0.195
"CGb",148,0.188,0.069,0.257
"CGb",149,0.23,0.045,0.275
"CGb",150,0.21,0.036,0.246
"CGb",151,0.145,0.079,0.224
"CGb",152,0.229,0.036,0.265
"CGb",153,0.167,0.044,0.211
"CGb",154,0.174,0.067,0.241
"CGb",155,0.179,0.035,0.214
"CGb",156,0.199,0.057,0.256
"CGb",157,0.124,0.089,0.213
"CGb",158,0.171,0.058,0.229
"CGb",159,0.165,0.075,0.24
"CGb",160,0.183,0.116,0.299
"CGb",161,0.159,0.068,0.227
"CGb",162,0.24,0.045,0.285
"CGb",163,0.196,0.069,0.265
"CGb",164,0.168,0.06,0.228
"CGb",165,0.166,0.072,0.238
"CGb",166,0.131,0.088,0.219
"CGb",167,0.19,0.078,0.268
"CGb",168,0.175,0.045,0.22
"CGb",169,0.163,0.047,0.21
"CGb",170,0.207,0.066,0.273
"CGb",171,0.211,0.05,0.261
"CGb",172,0.138,0.123,0.261
"CGb",173,0.199,0.05,0.249
"CGb",174,0.194,0.047,0.241
"CGb",175,0.189,0.087,0.276
"CGb",176,0.157,0.034,0.191
"CGb",177,0.173,0.075,0.248
"CGb",178,0.171,0.06,0.231
"CGb",179,0.143,0.084,0.227
"CGb",180,0.193,0.022,0.215
"CGb",181,0.179,0.057,0.236
"CGb",182,0.167,0.086,0.253
"CGb",183,0.178,0.06,0.238
"CGb",184,0.168,0.069,0.237
"CGb",185,0.139,0.054,0.193
"CGb",186,0.192,0.04,0.232
"CGb",187,0.188,0.049,0.237
"CGb",188,0.156,0.093,0.249
"CGb",189,0.159,0.094,0.253
"CGb",190,0.152,0.084,0.236
"CGb",191,0.163,0.083,0.246
"CGb",192,0.191,0.102,0.293
"CGb",193,0.169,0.062,0.231
"CGb",194,0.146,0.07,0.216
"CGb",195,0.198,0.061,0.259
"CGb",196,0.162,0.104,0.266
"CGb",197,0.147,0.105,0.252
"CGb",198,0.175,0.102,0.277
"CGb",199,0.175,0.069,0.244
"CGb",200,0.151,0.085,0.236
"CGb",201,0.168,0.089,0.257
"CGb",202,0.19,0.104,0.294
"CGb",203,0.13,0.056,0.186
"CGb",204,0.194,0.005,0.199
"CGb",205,0.162,0.069,0.231
"CGb",206,0.177,0.066,0.243
"CGb",207,0.202,0.054,0.256
"CGb",208,0.179,0.129,0.308
"CGb",209,0.167,0.082,0.249
"CGb",210,0.178,0.088,0.266
"CGb",211,0.125,0.052,0.177
"CGb",212,0.139,0.087,0.226
"CGb",213,0.172,0.06,0.232
"CGb",214,0.166,0.06,0.226
"CGb",215,0.184,0.057,0.241
"CGb",216,0.149,0.059,0.208
"CGb",217,0.161,0.126,0.287
"CGb",218,0.147,0.095,0.242
"CGb",219,0.187,0.05,0.237
"CGb",220,0.155,0.058,0.213
"CGb",221,0.181,0.07,0.251
"CGb",222,0.167,0.082,0.249
"CGb",223,0.127,0.099,0.226
"CGb",224,0.16,0.064,0.224
"CGb",225,0.138,0.056,0.194
"CGb",226,0.187,0.099,0.286
"CGb",227,0.186,0.046,0.232
"CGb",228,0.215,0.034,0.249
"CGb",229,0.134,0.073,0.207
"CGb",230,0.124,0.129,0.253
"CGb",231,0.202,0.047,0.249
"CGb",232,0.154,0.092,0.246
"CGb",233,0.146,0.049,0.195
"CGb",234,0.19,0.088,0.278
"CGb",235,0.123,0.072,0.195
"CGb",236,0.201,0.00999999999999999,0.211
"CGb",237,0.165,0.089,0.254
"CGb",238,0.2,0.04,0.24
"CGb",239,0.141,0.095,0.236
"CGb",240,0.138,0.062,0.2
"CGb",241,0.188,0.076,0.264
"CGb",242,0.206,0.046,0.252
"CGb",243,0.203,0.045,0.248
"CGb",244,0.165,0.043,0.208
"CGb",245,0.191,0.03,0.221
"CGb",246,0.21,0.018,0.228
"CGb",247,0.162,0.097,0.259
"CGb",248,0.149,0.092,0.241
"CGb",249,0.133,0.114,0.247
"CGb",250,0.132,0.118,0.25
"CGb",251,0.165,0.04,0.205
"CGb",252,0.164,0.096,0.26
"CGb",253,0.166,0.046,0.212
"CGb",254,0.158,0.106,0.264
"CGb",255,0.172,0.041,0.213
"CGb",256,0.219,0.087,0.306
"CGb",257,0.159,0.091,0.25
"CGb",258,0.191,0.061,0.252
"CGb",259,0.177,0.025,0.202
"CGb",260,0.149,0.068,0.217
"CGb",261,0.21,0.062,0.272
"CGb",262,0.166,0.093,0.259
"CGb",263,0.151,0.016,0.167
"CGb",264,0.158,0.091,0.249
"CGb",265,0.172,0.092,0.264
"CGb",266,0.132,0.022,0.154
"CGb",267,0.197,0.075,0.272
"CGb",268,0.178,0.053,0.231
"CGb",269,0.174,0.046,0.22
"CGb",270,0.157,0.111,0.268
"CGb",271,0.174,0.082,0.256
"CGb",272,0.143,0.063,0.206
"CGb",273,0.194,0.024,0.218
"CGb",274,0.188,0.044,0.232
"CGb",275,0.156,0.083,0.239
"CGb",276,0.131,0.094,0.225
"CGb",277,0.159,0.022,0.181
"CGb",278,0.152,0.058,0.21
"CGb",279,0.162,0.054,0.216
"CGb",280,0.166,0.069,0.235
"CGb",281,0.174,0.061,0.235
"CGb",282,0.138,0.103,0.241
"CGb",283,0.177,0.066,0.243
"CGb",284,0.153,0.094,0.247
"CGb",285,0.174,0.059,0.233
"CGb",286,0.197,0.05,0.247
"CGb",287,0.21,-0.047,0.163
"CGb",288,0.193,0.011,0.204
"CGb",289,0.133,0.057,0.19
"CGb",290,0.21,0.069,0.279
"CGb",291,0.133,0.056,0.189
"CGb",292,0.177,0.044,0.221
"CGb",293,0.161,0.086,0.247
"CGb",294,0.146,0.061,0.207
"CGb",295,0.179,0.053,0.232
"CGb",296,0.173,0.07,0.243
"CGb",297,0.114,0.086,0.2
"CGb",298,0.185,0.068,0.253
"CGb",299,0.143,0.08,0.223
"CGb",300,0.124,0.12,0.244
"CGb",301,0.223,0.025,0.248
"CGb",302,0.207,0.08,0.287
"CGb",303,0.178,0.109,0.287
"CGb",304,0.209,0.019,0.228
"CGb",305,0.235,0.033,0.268
"CGb",306,0.154,0.059,0.213
"CGb",307,0.149,0.037,0.186
"CGb",308,0.126,0.056,0.182
"CGb",309,0.169,0.073,0.242
"CGb",310,0.202,0.059,0.261
"CGb",311,0.207,0.065,0.272
"CGb",312,0.13,0.059,0.189
"CGb",313,0.156,0.072,0.228
"CGb",314,0.136,0.085,0.221
"CGb",315,0.165,0.011,0.176
"CGb",316,0.175,0.034,0.209
"CGb",317,0.19,0.067,0.257
"CGb",318,0.176,0.08,0.256
"CGb",319,0.186,0.063,0.249
"CGb",320,0.175,0.09,0.265
"CGb",321,0.146,0.063,0.209
"CGb",322,0.174,0.043,0.217
"CGb",323,0.162,0.054,0.216
"CGb",324,0.188,0.044,0.232
"CGb",325,0.159,0.065,0.224
"CGb",326,0.161,0.089,0.25
"CGb",327,0.164,0.035,0.199
"CGb",328,0.162,0.031,0.193
"CGb",329,0.179,0.061,0.24
"CGb",330,0.165,0.052,0.217
"CGb",331,0.21,0.04,0.25
"CGb",332,0.209,0.014,0.223
"CGb",333,0.165,0.088,0.253
"CGb",334,0.142,0.131,0.273
"CGb",335,0.155,0.065,0.22
"CGb",336,0.146,0.095,0.241
"CGb",337,0.15,0.109,0.259
"CGb",338,0.181,0.039,0.22
"CGb",339,0.149,0.039,0.188
"CGb",340,0.167,0.062,0.229
"CGb",341,0.174,0.045,0.219
"CGb",342,0.142,0.044,0.186
"CGb",343,0.155,0.036,0.191
"CGb",344,0.193,0.054,0.247
"CGb",345,0.139,0.11,0.249
"CGb",346,0.195,0.061,0.256
"CGb",347,0.2,0.064,0.264
"CGb",348,0.131,0.096,0.227
"CGb",349,0.178,0.081,0.259
"CGb",350,0.195,0.03,0.225
"CGb",351,0.144,0.1,0.244
"CGb",352,0.164,0.063,0.227
"CGb",353,0.192,0.076,0.268
"CGb",354,0.188,0.073,0.261
"CGb",355,0.187,0.073,0.26
"CGb",356,0.162,0.067,0.229
"CGb",357,0.206,0.031,0.237
"CGb",358,0.171,0.028,0.199
"CGb",359,0.143,0.106,0.249
"CGb",360,0.151,0.073,0.224
"CGb",361,0.142,0.059,0.201
"CGb",362,0.137,0.082,0.219
"CGb",363,0.163,0.111,0.274
"CGb",364,0.182,0.078,0.26
"CGb",365,0.201,0.044,0.245
"CGb",366,0.172,0.068,0.24
"CGb",367,0.163,0.08,0.243
"CGb",368,0.186,0.068,0.254
"CGb",369,0.133,0.06,0.193
"CGb",370,0.177,0.044,0.221
"CGb",371,0.175,0.024,0.199
"CGb",372,0.148,0.088,0.236
"CGb",373,0.18,0.054,0.234
"CGb",374,0.18,0.082,0.262
"CGb",375,0.194,0.044,0.238
"CGb",376,0.174,0.046,0.22
"CGb",377,0.137,0.162,0.299
"CGb",378,0.162,0.084,0.246
"CGb",379,0.191,0.104,0.295
"CGb",380,0.203,0.049,0.252
"CGb",381,0.094,0.118,0.212
"CGb",382,0.185,0.021,0.206
"CGb",383,0.152,0.075,0.227
"CGb",384,0.154,0.086,0.24
"CGb",385,0.192,0.049,0.241
"CGb",386,0.189,0.061,0.25
"CGb",387,0.157,0.107,0.264
"CGb",388,0.142,0.095,0.237
"CGb",389,0.17,0.114,0.284
"CGb",390,0.174,0.079,0.253
"CGb",391,0.124,0.095,0.219
"CGb",392,0.175,0.072,0.247
"CGb",393,0.149,0.095,0.244
"CGb",394,0.146,0.091,0.237
"CGb",395,0.171,0.048,0.219
"CGb",396,0.191,0.05,0.241
"CGb",397,0.192,0.045,0.237
"CGb",398,0.188,0.034,0.222
"CGb",399,0.153,0.045,0.198
"CGb",400,0.192,0.062,0.254
"CGb",401,0.178,0.058,0.236
"CGb",402,0.17,0.059,0.229
"CGb",403,0.128,0.053,0.181
"CGb",404,0.165,0.082,0.247
"CGb",405,0.2,0.031,0.231
"CGb",406,0.19,-0.028,0.162
"CGb",407,0.199,0.083,0.282
"CGb",408,0.14,0.08,0.22
"CGb",409,0.123,0.164,0.287
"CGb",410,0.167,0.039,0.206
"CGb",411,0.189,0.032,0.221
"CGb",412,0.142,0.106,0.248
"CGb",413,0.192,0.083,0.275
"CGb",414,0.141,0.087,0.228
"CGb",415,0.148,0.069,0.217
"CGb",416,0.131,0.073,0.204
"CGb",417,0.189,0.034,0.223
"CGb",418,0.168,0.053,0.221
"CGb",419,0.165,0.083,0.248
"CGb",420,0.183,0.026,0.209
"CGb",421,0.14,0.096,0.236
"CGb",422,0.152,0.029,0.181
"CGb",423,0.182,0.033,0.215
"CGb",424,0.174,0.063,0.237
"CGb",425,0.126,0.087,0.213
"CGb",426,0.186,-0.006,0.18
"CGb",427,0.162,0.038,0.2
"CGb",428,0.13,0.081,0.211
"CGb",429,0.161,0.054,0.215
"CGb",430,0.174,0.073,0.247
"CGb",431,0.19,0.025,0.215
"CGb",432,0.16,0.053,0.213
"CGb",433,0.179,0.045,0.224
"CGb",434,0.175,0.084,0.259
"CGb",435,0.155,0.036,0.191
"CGb",436,0.21,0.086,0.296
"CGb",437,0.176,0.037,0.213
"CGb",438,0.152,0.055,0.207
"CGb",439,0.155,0.11,0.265
"CGb",440,0.19,0.038,0.228
"CGb",441,0.169,0.07,0.239
"CGb",442,0.197,0.055,0.252
"CGb",443,0.176,0.054,0.23
"CGb",444,0.163,0.052,0.215
"CGb",445,0.165,0.065,0.23
"CGb",446,0.18,0.076,0.256
"CGb",447,0.181,0.067,0.248
"CGb",448,0.131,0.11,0.241
"CGb",449,0.171,0.097,0.268
"CGb",450,0.184,0.11,0.294
"CGb",451,0.165,0.062,0.227
"CGb",452,0.188,0.076,0.264
"CGb",453,0.177,0.099,0.276
"CGb",454,0.157,0.099,0.256
"CGb",455,0.145,0.074,0.219
"CGb",456,0.161,0.042,0.203
"CGb",457,0.164,0.059,0.223
"CGb",458,0.178,0.07,0.248
"CGb",459,0.19,0.052,0.242
"CGb",460,0.177,0.037,0.214
"CGb",461,0.149,0.106,0.255
"CGb",462,0.163,0.048,0.211
"CGb",463,0.166,0.049,0.215
"CGb",464,0.151,0.058,0.209
"CGb",465,0.18,0.077,0.257
"CGb",466,0.192,0.059,0.251
"CGb",467,0.135,0.077,0.212
"CGb",468,0.192,0.033,0.225
"CGb",469,0.206,0.053,0.259
"CGb",470,0.169,0.057,0.226
"CGb",471,0.207,0.001,0.208
"CGb",472,0.206,0.084,0.29
"CGb",473,0.197,0.011,0.208
"CGb",474,0.176,0.027,0.203
"CGb",475,0.17,0.079,0.249
"CGb",476,0.163,0.061,0.224
"CGb",477,0.17,0.068,0.238
"CGb",478,0.144,0.07,0.214
"CGb",479,0.15,0.078,0.228
"CGb",480,0.179,0.027,0.206
"CGb",481,0.131,0.098,0.229
"CGb",482,0.198,0.036,0.234
"CGb",483,0.161,0.012,0.173
"CGb",484,0.163,0.025,0.188
"CGb",485,0.181,0.02,0.201
"CGb",486,0.16,0.056,0.216
"CGb",487,0.207,0.037,0.244
"CGb",488,0.163,0.023,0.186
"CGb",489,0.196,0.01,0.206
"CGb",490,0.192,0.038,0.23
"CGb",491,0.176,0.074,0.25
"CGb",492,0.188,0.011,0.199
"CGb",493,0.175,0.05,0.225
"CGb",494,0.157,0.025,0.182
"CGb",495,0.15,0.067,0.217
"CGb",496,0.166,0.083,0.249
"CGb",497,0.163,0.074,0.237
"CGb",498,0.148,0.064,0.212
"CGb",499,0.127,0.065,0.192
"CGb",500,0.218,0.027,0.245
"CGc",1,0.099,0.135,0.234
"CGc",2,0.157,0.109,0.266
"CGc",3,0.124,0.063,0.187
"CGc",4,0.184,0.103,0.287
"CGc",5,0.149,0.063,0.212
"CGc",6,0.169,0.00100000000000001,0.17
"CGc",7,0.156,0.116,0.272
"CGc",8,0.149,0.141,0.29
"CGc",9,0.155,0.115,0.27
"CGc",10,0.133,0.13,0.263
"CGc",11,0.17,0.035,0.205
"CGc",12,0.183,0.097,0.28
"CGc",13,0.181,0.052,0.233
"CGc",14,0.105,0.11,0.215
"CGc",15,0.175,0.15,0.325
"CGc",16,0.153,0.095,0.248
"CGc",17,0.149,0.099,0.248
"CGc",18,0.158,0.078,0.236
"CGc",19,0.152,0.116,0.268
"CGc",20,0.163,0.049,0.212
"CGc",21,0.161,0.074,0.235
"CGc",22,0.162,0.103,0.265
"CGc",23,0.136,0.044,0.18
"CGc",24,0.165,0.114,0.279
"CGc",25,0.15,0.11,0.26
"CGc",26,0.153,0.121,0.274
"CGc",27,0.101,0.112,0.213
"CGc",28,0.131,0.081,0.212
"CGc",29,0.148,0.074,0.222
"CGc",30,0.145,0.045,0.19
"CGc",31,0.144,0.102,0.246
"CGc",32,0.151,0.15,0.301
"CGc",33,0.099,0.112,0.211
"CGc",34,0.136,0.115,0.251
"CGc",35,0.135,0.09,0.225
"CGc",36,0.17,0.095,0.265
"CGc",37,0.122,0.077,0.199
"CGc",38,0.187,0.078,0.265
"CGc",39,0.107,0.098,0.205
"CGc",40,0.15,0.055,0.205
"CGc",41,0.186,0.035,0.221
"CGc",42,0.167,0.047,0.214
"CGc",43,0.142,0.092,0.234
"CGc",44,0.075,0.178,0.253
"CGc",45,0.147,0.087,0.234
"CGc",46,0.139,0.131,0.27
"CGc",47,0.129,0.104,0.233
"CGc",48,0.167,0.051,0.218
"CGc",49,0.156,0.079,0.235
"CGc",50,0.137,0.093,0.23
"CGc",51,0.124,0.13,0.254
"CGc",52,0.202,0.063,0.265
"CGc",53,0.129,0.089,0.218
"CGc",54,0.164,0.123,0.287
"CGc",55,0.145,0.051,0.196
"CGc",56,0.203,0.041,0.244
"CGc",57,0.162,0.069,0.231
"CGc",58,0.164,0.055,0.219
"CGc",59,0.195,0.076,0.271
"CGc",60,0.225,0.108,0.333
"CGc",61,0.185,0.081,0.266
"CGc",62,0.16,0.108,0.268
"CGc",63,0.127,0.129,0.256
"CGc",64,0.183,0.063,0.246
"CGc",65,0.187,0.056,0.243
"CGc",66,0.138,0.059,0.197
"CGc",67,0.152,0.174,0.326
"CGc",68,0.192,0.13,0.322
"CGc",69,0.158,0.092,0.25
"CGc",70,0.148,0.083,0.231
"CGc",71,0.193,0.071,0.264
"CGc",72,0.163,0.029,0.192
"CGc",73,0.161,0.094,0.255
"CGc",74,0.143,0.093,0.236
"CGc",75,0.145,0.128,0.273
"CGc",76,0.131,0.146,0.277
"CGc",77,0.185,0.067,0.252
"CGc",78,0.147,0.074,0.221
"CGc",79,0.137,0.079,0.216
"CGc",80,0.168,0.072,0.24
"CGc",81,0.201,0.096,0.297
"CGc",82,0.224,0.05,0.274
"CGc",83,0.149,0.052,0.201
"CGc",84,0.122,0.084,0.206
"CGc",85,0.157,0.043,0.2
"CGc",86,0.119,0.124,0.243
"CGc",87,0.126,0.09,0.216
"CGc",88,0.168,0.048,0.216
"CGc",89,0.144,0.072,0.216
"CGc",90,0.184,0.087,0.271
"CGc",91,0.201,0.049,0.25
"CGc",92,0.107,0.069,0.176
"CGc",93,0.15,0.095,0.245
"CGc",94,0.139,0.12,0.259
"CGc",95,0.15,0.102,0.252
"CGc",96,0.158,0.055,0.213
"CGc",97,0.145,0.143,0.288
"CGc",98,0.144,0.101,0.245
"CGc",99,0.153,0.094,0.247
"CGc",100,0.169,0.064,0.233
"CGc",101,0.18,0.105,0.285
"CGc",102,0.128,0.146,0.274
"CGc",103,0.131,0.143,0.274
"CGc",104,0.121,0.102,0.223
"CGc",105,0.153,0.159,0.312
"CGc",106,0.129,0.089,0.218
"CGc",107,0.13,0.102,0.232
"CGc",108,0.113,0.097,0.21
"CGc",109,0.173,0.119,0.292
"CGc",110,0.1,0.104,0.204
"CGc",111,0.158,0.126,0.284
"CGc",112,0.141,0.083,0.224
"CGc",113,0.197,0.11,0.307
"CGc",114,0.101,0.11,0.211
"CGc",115,0.177,0.075,0.252
"CGc",116,0.183,0.11,0.293
"CGc",117,0.166,0.065,0.231
"CGc",118,0.149,0.079,0.228
"CGc",119,0.161,0.096,0.257
"CGc",120,0.185,0.026,0.211
"CGc",121,0.146,0.11,0.256
"CGc",122,0.131,0.124,0.255
"CGc",123,0.178,0.041,0.219
"CGc",124,0.19,0.073,0.263
"CGc",125,0.173,0.096,0.269
"CGc",126,0.145,0.073,0.218
"CGc",127,0.176,0.079,0.255
"CGc",128,0.155,0.046,0.201
"CGc",129,0.153,0.108,0.261
"CGc",130,0.138,0.141,0.279
"CGc",131,0.174,0.089,0.263
"CGc",132,0.2,0.048,0.248
"CGc",133,0.155,0.066,0.221
"CGc",134,0.177,0.109,0.286
"CGc",135,0.153,0.112,0.265
"CGc",136,0.203,0.043,0.246
"CGc",137,0.167,0.094,0.261
"CGc",138,0.178,0.109,0.287
"CGc",139,0.157,0.098,0.255
"CGc",140,0.15,0.092,0.242
"CGc",141,0.146,0.121,0.267
"CGc",142,0.15,0.088,0.238
"CGc",143,0.11,0.153,0.263
"CGc",144,0.156,0.118,0.274
"CGc",145,0.165,0.139,0.304
"CGc",146,0.138,0.106,0.244
"CGc",147,0.17,0.106,0.276
"CGc",148,0.14,0.102,0.242
"CGc",149,0.137,0.106,0.243
"CGc",150,0.125,0.075,0.2
"CGc",151,0.147,0.115,0.262
"CGc",152,0.18,0.061,0.241
"CGc",153,0.151,0.02,0.171
"CGc",154,0.167,0.093,0.26
"CGc",155,0.14,0.092,0.232
"CGc",156,0.159,0.078,0.237
"CGc",157,0.145,0.084,0.229
"CGc",158,0.14,0.119,0.259
"CGc",159,0.122,0.136,0.258
"CGc",160,0.182,0.066,0.248
"CGc",161,0.151,0.127,0.278
"CGc",162,0.173,0.104,0.277
"CGc",163,0.157,0.146,0.303
"CGc",164,0.189,0.051,0.24
"CGc",165,0.144,0.086,0.23
"CGc",166,0.149,0.135,0.284
"CGc",167,0.152,0.088,0.24
"CGc",168,0.162,0.102,0.264
"CGc",169,0.171,0.065,0.236
"CGc",170,0.195,0.061,0.256
"CGc",171,0.134,0.056,0.19
"CGc",172,0.114,0.12,0.234
"CGc",173,0.126,0.119,0.245
"CGc",174,0.163,0.081,0.244
"CGc",175,0.164,0.088,0.252
"CGc",176,0.167,0.103,0.27
"CGc",177,0.198,0.068,0.266
"CGc",178,0.147,0.091,0.238
"CGc",179,0.157,0.072,0.229
"CGc",180,0.18,0.077,0.257
"CGc",181,0.166,0.129,0.295
"CGc",182,0.192,0.123,0.315
"CGc",183,0.166,0.035,0.201
"CGc",184,0.134,0.107,0.241
"CGc",185,0.175,0.051,0.226
"CGc",186,0.156,0.128,0.284
"CGc",187,0.145,0.133,0.278
"CGc",188,0.162,0.104,0.266
"CGc",189,0.122,0.146,0.268
"CGc",190,0.171,0.054,0.225
"CGc",191,0.138,0.126,0.264
"CGc",192,0.193,0.073,0.266
"CGc",193,0.167,0.102,0.269
"CGc",194,0.149,0.052,0.201
"CGc",195,0.156,0.092,0.248
"CGc",196,0.154,0.104,0.258
"CGc",197,0.197,0.079,0.276
"CGc",198,0.126,0.08,0.206
"CGc",199,0.135,0.074,0.209
"CGc",200,0.139,0.072,0.211
"CGc",201,0.12,0.106,0.226
"CGc",202,0.182,0.08,0.262
"CGc",203,0.168,0.081,0.249
"CGc",204,0.205,0.058,0.263
"CGc",205,0.125,0.138,0.263
"CGc",206,0.151,0.083,0.234
"CGc",207,0.171,0.017,0.188
"CGc",208,0.18,0.091,0.271
"CGc",209,0.196,0.086,0.282
"CGc",210,0.173,0.071,0.244
"CGc",211,0.153,0.055,0.208
"CGc",212,0.2,0.054,0.254
"CGc",213,0.163,0.125,0.288
"CGc",214,0.133,0.115,0.248
"CGc",215,0.159,0.024,0.183
"CGc",216,0.145,0.162,0.307
"CGc",217,0.163,0.054,0.217
"CGc",218,0.152,0.12,0.272
"CGc",219,0.149,0.031,0.18
"CGc",220,0.155,0.09,0.245
"CGc",221,0.183,0.043,0.226
"CGc",222,0.15,0.05,0.2
"CGc",223,0.18,0.123,0.303
"CGc",224,0.172,0.063,0.235
"CGc",225,0.144,0.107,0.251
"CGc",226,0.192,0.074,0.266
"CGc",227,0.138,0.097,0.235
"CGc",228,0.17,0.056,0.226
"CGc",229,0.17,0.041,0.211
"CGc",230,0.128,0.067,0.195
"CGc",231,0.153,0.113,0.266
"CGc",232,0.152,0.135,0.287
"CGc",233,0.15,0.059,0.209
"CGc",234,0.181,0.115,0.296
"CGc",235,0.177,0.106,0.283
"CGc",236,0.135,0.116,0.251
"CGc",237,0.165,0.11,0.275
"CGc",238,0.147,0.057,0.204
"CGc",239,0.134,0.125,0.259
"CGc",240,0.144,0.092,0.236
"CGc",241,0.146,0.105,0.251
"CGc",242,0.2,-8.32497861879417e-18,0.2
"CGc",243,0.19,0.083,0.273
"CGc",244,0.186,0.105,0.291
"CGc",245,0.18,0.099,0.279
"CGc",246,0.133,0.1,0.233
"CGc",247,0.112,0.148,0.26
"CGc",248,0.136,0.109,0.245
"CGc",249,0.125,0.126,0.251
"CGc",250,0.17,0.109,0.279
"CGc",251,0.147,0.088,0.235
"CGc",252,0.165,0.144,0.309
"CGc",253,0.182,0.058,0.24
"CGc",254,0.153,0.112,0.265
"CGc",255,0.173,0.1,0.273
"CGc",256,0.139,0.111,0.25
"CGc",257,0.145,0.074,0.219
"CGc",258,0.175,0.087,0.262
"CGc",259,0.145,0.08,0.225
"CGc",260,0.145,0.088,0.233
"CGc",261,0.139,0.109,0.248
"CGc",262,0.197,0.086,0.283
"CGc",263,0.157,0.084,0.241
"CGc",264,0.175,0.106,0.281
"CGc",265,0.145,0.047,0.192
"CGc",266,0.194,0.025,0.219
"CGc",267,0.158,0.062,0.22
"CGc",268,0.202,0.031,0.233
"CGc",269,0.194,0.07,0.264
"CGc",270,0.164,0.098,0.262
"CGc",271,0.146,0.126,0.272
"CGc",272,0.187,0.067,0.254
"CGc",273,0.14,0.098,0.238
"CGc",274,0.127,0.138,0.265
"CGc",275,0.182,0.00600000000000001,0.188
"CGc",276,0.145,0.101,0.246
"CGc",277,0.169,0.139,0.308
"CGc",278,0.182,0.102,0.284
"CGc",279,0.14,0.124,0.264
"CGc",280,0.132,0.086,0.218
"CGc",281,0.169,0.103,0.272
"CGc",282,0.178,0.067,0.245
"CGc",283,0.143,0.106,0.249
"CGc",284,0.138,0.057,0.195
"CGc",285,0.143,0.114,0.257
"CGc",286,0.165,0.142,0.307
"CGc",287,0.144,0.117,0.261
"CGc",288,0.114,0.12,0.234
"CGc",289,0.178,0.093,0.271
"CGc",290,0.183,0.039,0.222
"CGc",291,0.148,0.062,0.21
"CGc",292,0.164,0.113,0.277
"CGc",293,0.107,0.115,0.222
"CGc",294,0.159,0.13,0.289
"CGc",295,0.154,0.105,0.259
"CGc",296,0.128,0.086,0.214
"CGc",297,0.148,0.122,0.27
"CGc",298,0.15,0.143,0.293
"CGc",299,0.162,0.083,0.245
"CGc",300,0.177,0.156,0.333
"CGc",301,0.164,0.066,0.23
"CGc",302,0.116,0.119,0.235
"CGc",303,0.203,0.059,0.262
"CGc",304,0.181,0.08,0.261
"CGc",305,0.158,0.086,0.244
"CGc",306,0.154,0.067,0.221
"CGc",307,0.133,0.08,0.213
"CGc",308,0.11,0.121,0.231
"CGc",309,0.167,0.082,0.249
"CGc",310,0.154,0.107,0.261
"CGc",311,0.121,0.147,0.268
"CGc",312,0.134,0.12,0.254
"CGc",313,0.211,0.068,0.279
"CGc",314,0.193,0.101,0.294
"CGc",315,0.164,0.09,0.254
"CGc",316,0.138,0.062,0.2
"CGc",317,0.124,0.125,0.249
"CGc",318,0.148,0.133,0.281
"CGc",319,0.107,0.116,0.223
"CGc",320,0.101,0.115,0.216
"CGc",321,0.164,0.115,0.279
"CGc",322,0.104,0.085,0.189
"CGc",323,0.177,0.077,0.254
"CGc",324,0.165,0.068,0.233
"CGc",325,0.18,0.056,0.236
"CGc",326,0.105,0.11,0.215
"CGc",327,0.113,0.082,0.195
"CGc",328,0.135,0.107,0.242
"CGc",329,0.145,0.049,0.194
"CGc",330,0.157,0.158,0.315
"CGc",331,0.14,0.152,0.292
"CGc",332,0.149,0.101,0.25
"CGc",333,0.204,0.068,0.272
"CGc",334,0.112,0.154,0.266
"CGc",335,0.116,0.079,0.195
"CGc",336,0.111,0.128,0.239
"CGc",337,0.165,0.054,0.219
"CGc",338,0.165,0.061,0.226
"CGc",339,0.161,0.106,0.267
"CGc",340,0.114,0.063,0.177
"CGc",341,0.168,0.112,0.28
"CGc",342,0.126,0.097,0.223
"CGc",343,0.174,0.088,0.262
"CGc",344,0.155,0.073,0.228
"CGc",345,0.147,0.108,0.255
"CGc",346,0.133,0.084,0.217
"CGc",347,0.176,0.106,0.282
"CGc",348,0.171,0.08,0.251
"CGc",349,0.152,0.113,0.265
"CGc",350,0.142,0.135,0.277
"CGc",351,0.164,0.086,0.25
"CGc",352,0.111,0.146,0.257
"CGc",353,0.168,0.088,0.256
"CGc",354,0.151,0.123,0.274
"CGc",355,0.138,0.142,0.28
"CGc",356,0.137,0.122,0.259
"CGc",357,0.127,0.154,0.281
"CGc",358,0.144,0.124,0.268
"CGc",359,0.152,0.151,0.303
"CGc",360,0.148,0.065,0.213
"CGc",361,0.173,0.078,0.251
"CGc",362,0.147,0.112,0.259
"CGc",363,0.147,0.124,0.271
"CGc",364,0.196,0.115,0.311
"CGc",365,0.157,0.166,0.323
"CGc",366,0.155,0.093,0.248
"CGc",367,0.153,0.102,0.255
"CGc",368,0.154,0.103,0.257
"CGc",369,0.171,0.081,0.252
"CGc",370,0.181,0.099,0.28
"CGc",371,0.175,0.084,0.259
"CGc",372,0.181,0.081,0.262
"CGc",373,0.181,0.093,0.274
"CGc",374,0.161,0.093,0.254
"CGc",375,0.189,0.109,0.298
"CGc",376,0.153,0.097,0.25
"CGc",377,0.13,0.168,0.298
"CGc",378,0.126,0.132,0.258
"CGc",379,0.086,0.126,0.212
"CGc",380,0.133,0.139,0.272
"CGc",381,0.175,0.055,0.23
"CGc",382,0.159,0.108,0.267
"CGc",383,0.147,0.135,0.282
"CGc",384,0.135,0.077,0.212
"CGc",385,0.154,0.037,0.191
"CGc",386,0.145,0.085,0.23
"CGc",387,0.112,0.141,0.253
"CGc",388,0.127,0.054,0.181
"CGc",389,0.13,0.097,0.227
"CGc",390,0.171,0.041,0.212
"CGc",391,0.161,0.108,0.269
"CGc",392,0.15,0.074,0.224
"CGc",393,0.147,0.085,0.232
"CGc",394,0.142,0.146,0.288
"CGc",395,0.136,0.075,0.211
"CGc",396,0.145,0.063,0.208
"CGc",397,0.18,0.097,0.277
"CGc",398,0.182,0.111,0.293
"CGc",399,0.15,0.114,0.264
"CGc",400,0.144,0.132,0.276
"CGc",401,0.201,0.047,0.248
"CGc",402,0.124,0.091,0.215
"CGc",403,0.14,0.093,0.233
"CGc",404,0.162,0.104,0.266
"CGc",405,0.139,0.102,0.241
"CGc",406,0.137,0.089,0.226
"CGc",407,0.144,0.1,0.244
"CGc",408,0.106,0.093,0.199
"CGc",409,0.118,0.088,0.206
"CGc",410,0.116,0.108,0.224
"CGc",411,0.191,0.055,0.246
"CGc",412,0.172,0.147,0.319
"CGc",413,0.133,0.124,0.257
"CGc",414,0.158,0.143,0.301
"CGc",415,0.166,0.089,0.255
"CGc",416,0.136,0.143,0.279
"CGc",417,0.188,0.07,0.258
"CGc",418,0.179,0.009,0.188
"CGc",419,0.139,0.136,0.275
"CGc",420,0.156,0.115,0.271
"CGc",421,0.133,0.159,0.292
"CGc",422,0.143,0.087,0.23
"CGc",423,0.124,0.116,0.24
"CGc",424,0.111,0.148,0.259
"CGc",425,0.181,0.068,0.249
"CGc",426,0.155,0.062,0.217
"CGc",427,0.171,0.069,0.24
"CGc",428,0.123,0.052,0.175
"CGc",429,0.177,0.105,0.282
"CGc",430,0.185,0.104,0.289
"CGc",431,0.14,0.083,0.223
"CGc",432,0.128,0.131,0.259
"CGc",433,0.141,0.102,0.243
"CGc",434,0.152,0.1,0.252
"CGc",435,0.172,0.116,0.288
"CGc",436,0.185,0.078,0.263
"CGc",437,0.132,0.052,0.184
"CGc",438,0.165,0.063,0.228
"CGc",439,0.175,0.081,0.256
"CGc",440,0.171,0.052,0.223
"CGc",441,0.159,0.053,0.212
"CGc",442,0.182,0.09,0.272
"CGc",443,0.133,0.075,0.208
"CGc",444,0.173,0.06,0.233
"CGc",445,0.166,0.058,0.224
"CGc",446,0.13,0.096,0.226
"CGc",447,0.1,0.155,0.255
"CGc",448,0.151,0.064,0.215
"CGc",449,0.111,0.105,0.216
"CGc",450,0.145,0.102,0.247
"CGc",451,0.177,0.089,0.266
"CGc",452,0.11,0.136,0.246
"CGc",453,0.156,0.097,0.253
"CGc",454,0.154,0.1,0.254
"CGc",455,0.185,0.108,0.293
"CGc",456,0.12,0.071,0.191
"CGc",457,0.151,0.104,0.255
"CGc",458,0.167,0.085,0.252
"CGc",459,0.156,0.049,0.205
"CGc",460,0.113,0.137,0.25
"CGc",461,0.134,0.071,0.205
"CGc",462,0.153,0.057,0.21
"CGc",463,0.137,0.122,0.259
"CGc",464,0.134,0.093,0.227
"CGc",465,0.122,0.108,0.23
"CGc",466,0.125,0.126,0.251
"CGc",467,0.145,0.135,0.28
"CGc",468,0.18,0.058,0.238
"CGc",469,0.12,0.098,0.218
"CGc",470,0.151,0.061,0.212
"CGc",471,0.138,0.119,0.257
"CGc",472,0.167,0.096,0.263
"CGc",473,0.169,0.088,0.257
"CGc",474,0.158,0.126,0.284
"CGc",475,0.151,0.057,0.208
"CGc",476,0.174,0.091,0.265
"CGc",477,0.192,0.075,0.267
"CGc",478,0.161,0.111,0.272
"CGc",479,0.149,0.087,0.236
"CGc",480,0.138,0.036,0.174
"CGc",481,0.155,0.077,0.232
"CGc",482,0.175,-0.000999999999999995,0.174
"CGc",483,0.161,0.056,0.217
"CGc",484,0.162,0.083,0.245
"CGc",485,0.223,0.082,0.305
"CGc",486,0.158,0.058,0.216
"CGc",487,0.159,0.086,0.245
"CGc",488,0.151,0.135,0.286
"CGc",489,0.162,0.109,0.271
"CGc",490,0.179,0.1,0.279
"CGc",491,0.168,0.106,0.274
"CGc",492,0.18,0.104,0.284
"CGc",493,0.149,0.1,0.249
"CGc",494,0.163,0.119,0.282
"CGc",495,0.153,0.073,0.226
"CGc",496,0.161,0.087,0.248
"CGc",497,0.177,0.037,0.214
"CGc",498,0.159,0.069,0.228
"CGc",499,0.147,0.09,0.237
"CGc",500,0.141,0.089,0.23
